{
  "em": 0.6666666666666666,
  "f1": 0.8706552706552707,
  "n": 33,
  "per_pattern": {
    "type-question": {
      "em": 0.6,
      "f1": 0.8561823361823362,
      "n": 15
    },
    "genre-question": {
      "em": 1.0,
      "f1": 1.0,
      "n": 6
    },
    "role-question": {
      "em": 0.5,
      "f1": 0.7222222222222222,
      "n": 6
    },
    "control": {
      "em": 0.6666666666666666,
      "f1": 0.9259259259259259,
      "n": 6
    }
  },
  "model": "distilbert-base-cased-distilled-squad"
}